campaign,setting,head,metric,seeds,mean,sample_sd,parameters,forward_batch,forward_median_ms,train_batch,train_step_median_ms,maximum_incremental_train_MiB,profile_seed,scope
original_GCN,GCN1,additive2,test_RMSE,5,1.6801625002157228,0.06026103051689667,4091,64,1.806529998430051,64,9.481939999386668,5.5927734375,42,"Resident inputs; excludes data collation/host-device transfer; padded n=53; device-specific GPU allocated increment, not total VRAM or FLOPs."
original_GCN,GCN1,cp_pool,test_RMSE,5,1.6256863887051394,0.00614266333156921,4080,64,0.678130000596866,64,4.318864998640493,7.8056640625,42,"Resident inputs; excludes data collation/host-device transfer; padded n=53; device-specific GPU allocated increment, not total VRAM or FLOPs."
original_GCN,GCN1,dcnv2,test_RMSE,5,1.663802983337807,0.036689645452726335,4059,64,0.7540799997514114,64,3.714999998919666,2.35986328125,42,"Resident inputs; excludes data collation/host-device transfer; padded n=53; device-specific GPU allocated increment, not total VRAM or FLOPs."
original_GCN,GCN1,deepsets,test_RMSE,5,1.684963153457517,0.04726810116788808,4117,64,0.3939000016544014,64,3.1791700021130964,3.69970703125,42,"Resident inputs; excludes data collation/host-device transfer; padded n=53; device-specific GPU allocated increment, not total VRAM or FLOPs."
original_GCN,GCN1,deepsets_count35,test_RMSE,5,1.6739947679472689,0.01900776995636234,4152,64,0.4546900017885491,64,3.3024549979018047,3.7001953125,42,"Resident inputs; excludes data collation/host-device transfer; padded n=53; device-specific GPU allocated increment, not total VRAM or FLOPs."
original_GCN,GCN1,deepsets_count70,test_RMSE,5,1.6915466976777835,0.038940125217013295,12307,64,0.48462000268045813,64,3.4985050006071106,5.83447265625,42,"Resident inputs; excludes data collation/host-device transfer; padded n=53; device-specific GPU allocated increment, not total VRAM or FLOPs."
original_GCN,GCN1,deepsets_raw35,test_RMSE,5,1.6368082690719292,0.02755821097697067,4047,64,0.3864500002237037,64,3.1000099988887087,3.69091796875,42,"Resident inputs; excludes data collation/host-device transfer; padded n=53; device-specific GPU allocated increment, not total VRAM or FLOPs."
original_GCN,GCN1,deepsets_raw70,test_RMSE,5,1.6195977395630419,0.01085219555965264,12097,64,0.4225199983920902,64,2.9294550011400133,5.83447265625,42,"Resident inputs; excludes data collation/host-device transfer; padded n=53; device-specific GPU allocated increment, not total VRAM or FLOPs."
original_GCN,GCN1,deepsets_wide,test_RMSE,5,1.6828098789783925,0.04149834173645052,12237,64,0.47196000232361257,64,3.819074999773875,5.83447265625,42,"Resident inputs; excludes data collation/host-device transfer; padded n=53; device-specific GPU allocated increment, not total VRAM or FLOPs."
original_GCN,GCN1,janossy2,test_RMSE,5,1.619932581276641,0.04115534676475807,4028,64,2.0607949991244823,64,7.625044998712838,5.7705078125,42,"Resident inputs; excludes data collation/host-device transfer; padded n=53; device-specific GPU allocated increment, not total VRAM or FLOPs."
original_GCN,GCN1,lma1,test_RMSE,5,1.659071343511752,0.03273919580948105,3714,64,1.6671599994879216,64,7.446634999359958,4.783203125,42,"Resident inputs; excludes data collation/host-device transfer; padded n=53; device-specific GPU allocated increment, not total VRAM or FLOPs."
original_GCN,GCN1,lma2,test_RMSE,5,1.6714476833288776,0.03496737773931588,4091,64,1.6864100005477667,64,9.258409999893047,5.7021484375,42,"Resident inputs; excludes data collation/host-device transfer; padded n=53; device-specific GPU allocated increment, not total VRAM or FLOPs."
original_GCN,GCN1,lma3,test_RMSE,5,1.6777630073332532,0.024224644598503858,4540,64,2.154099999461323,64,12.167129997396842,9.21630859375,42,"Resident inputs; excludes data collation/host-device transfer; padded n=53; device-specific GPU allocated increment, not total VRAM or FLOPs."
original_GCN,GCN1,mean_count,test_RMSE,5,1.6373723260768953,0.027121402907071435,1233,64,0.4504899989115074,64,2.648840000620112,2.3388671875,42,"Resident inputs; excludes data collation/host-device transfer; padded n=53; device-specific GPU allocated increment, not total VRAM or FLOPs."
original_GCN,GCN1,pma,test_RMSE,5,1.6889543538479204,0.02649951195014683,3121,64,0.9428799996385351,64,5.732545000500977,6.2646484375,42,"Resident inputs; excludes data collation/host-device transfer; padded n=53; device-specific GPU allocated increment, not total VRAM or FLOPs."
original_GCN,GCN1,pma_count,test_RMSE,5,1.6675469274907782,0.01602347270054902,3122,64,0.9515049983747303,64,5.14444499858655,6.2646484375,42,"Resident inputs; excludes data collation/host-device transfer; padded n=53; device-specific GPU allocated increment, not total VRAM or FLOPs."
original_GCN,GCN3,additive2,test_RMSE,5,1.6754412619325083,0.026241366926106607,4699,64,1.9333300006110221,64,10.01405999995768,6.8828125,42,"Resident inputs; excludes data collation/host-device transfer; padded n=53; device-specific GPU allocated increment, not total VRAM or FLOPs."
original_GCN,GCN3,cp_pool,test_RMSE,5,1.6315598526017583,0.02268000354258224,4688,64,0.9241649997420609,64,5.4303750017425045,9.095703125,42,"Resident inputs; excludes data collation/host-device transfer; padded n=53; device-specific GPU allocated increment, not total VRAM or FLOPs."
original_GCN,GCN3,deepsets_wide,test_RMSE,5,1.6780072756066922,0.030010110219559676,12845,64,0.6944150023628026,64,4.47242499794811,7.12451171875,42,"Resident inputs; excludes data collation/host-device transfer; padded n=53; device-specific GPU allocated increment, not total VRAM or FLOPs."
original_GCN,GCN3,lma1,test_RMSE,5,1.643448358853442,0.025082987897604707,4322,64,1.9358949997695163,64,8.26013000041712,6.0732421875,42,"Resident inputs; excludes data collation/host-device transfer; padded n=53; device-specific GPU allocated increment, not total VRAM or FLOPs."
original_GCN,GCN3,lma2,test_RMSE,5,1.6891559541571073,0.039407058485536564,4699,64,1.8145449983421713,64,10.137145000044256,6.9921875,42,"Resident inputs; excludes data collation/host-device transfer; padded n=53; device-specific GPU allocated increment, not total VRAM or FLOPs."
original_GCN,GCN3,mean_count,test_RMSE,5,1.678720519969909,0.024899002910929044,1841,64,0.7806749985320494,64,4.487729998072609,3.62890625,42,"Resident inputs; excludes data collation/host-device transfer; padded n=53; device-specific GPU allocated increment, not total VRAM or FLOPs."
sequence,ligand_only,additive2,full_test_RMSE,5,1.657592645117351,0.028791842317362214,7067,64,30.947300023399293,256,276.99349995236844,4.1357421875,42,"One warm-up followed by 5 measurements, each restored to the selected model state with warmed optimizer state. Host collation, transfers and whole-model operations are included; state restoration and initial data loading are excluded. Gradients and optimizer updates occur only in training_step. GPU allocation is not total device memory."
sequence,ligand_only,cp_pool,full_test_RMSE,5,1.661775377683934,0.04968596187962697,7056,64,22.367199999280274,256,144.33769998140633,4.74560546875,42,"One warm-up followed by 5 measurements, each restored to the selected model state with warmed optimizer state. Host collation, transfers and whole-model operations are included; state restoration and initial data loading are excluded. Gradients and optimizer updates occur only in training_step. GPU allocation is not total device memory."
sequence,ligand_only,deepsets_plain70,full_test_RMSE,5,1.6509157631510032,0.026576511536260266,11457,64,13.905200059525669,256,114.43429999053478,3.8544921875,42,"One warm-up followed by 5 measurements, each restored to the selected model state with warmed optimizer state. Host collation, transfers and whole-model operations are included; state restoration and initial data loading are excluded. Gradients and optimizer updates occur only in training_step. GPU allocation is not total device memory."
sequence,ligand_only,lma1,full_test_RMSE,5,1.6658689834214162,0.024428090766931178,6690,64,29.681999934837222,256,226.88179998658597,3.7216796875,42,"One warm-up followed by 5 measurements, each restored to the selected model state with warmed optimizer state. Host collation, transfers and whole-model operations are included; state restoration and initial data loading are excluded. Gradients and optimizer updates occur only in training_step. GPU allocation is not total device memory."
sequence,ligand_only,lma2,full_test_RMSE,5,1.6576529229078276,0.040703287901111856,7067,64,28.652200009673834,256,269.4250999484211,4.1904296875,42,"One warm-up followed by 5 measurements, each restored to the selected model state with warmed optimizer state. Host collation, transfers and whole-model operations are included; state restoration and initial data loading are excluded. Gradients and optimizer updates occur only in training_step. GPU allocation is not total device memory."
sequence,ligand_sequence,additive2,full_test_RMSE,5,1.7323875005524731,0.07378045999967849,107099,64,41.26159998122603,256,285.6836999999359,85.59033203125,42,"One warm-up followed by 5 measurements, each restored to the selected model state with warmed optimizer state. Host collation, transfers and whole-model operations are included; state restoration and initial data loading are excluded. Gradients and optimizer updates occur only in training_step. GPU allocation is not total device memory."
sequence,ligand_sequence,cp_pool,full_test_RMSE,5,1.8450718547180158,0.08102335991471868,107088,64,26.431199978105724,256,233.60410006716847,85.19921875,42,"One warm-up followed by 5 measurements, each restored to the selected model state with warmed optimizer state. Host collation, transfers and whole-model operations are included; state restoration and initial data loading are excluded. Gradients and optimizer updates occur only in training_step. GPU allocation is not total device memory."
sequence,ligand_sequence,deepsets_plain70,full_test_RMSE,5,1.743744537719011,0.1166283079422328,111489,64,55.35879998933524,256,204.1739000706002,85.4404296875,42,"One warm-up followed by 5 measurements, each restored to the selected model state with warmed optimizer state. Host collation, transfers and whole-model operations are included; state restoration and initial data loading are excluded. Gradients and optimizer updates occur only in training_step. GPU allocation is not total device memory."
sequence,ligand_sequence,lma1,full_test_RMSE,5,1.7614881627860335,0.09999398260825741,106722,64,39.99160008970648,256,285.74029996525496,85.27783203125,42,"One warm-up followed by 5 measurements, each restored to the selected model state with warmed optimizer state. Host collation, transfers and whole-model operations are included; state restoration and initial data loading are excluded. Gradients and optimizer updates occur only in training_step. GPU allocation is not total device memory."
sequence,ligand_sequence,lma2,full_test_RMSE,5,1.703612685372776,0.07040769502307147,107099,64,39.24499999266118,256,286.2633999902755,85.63134765625,42,"One warm-up followed by 5 measurements, each restored to the selected model state with warmed optimizer state. Host collation, transfers and whole-model operations are included; state restoration and initial data loading are excluded. Gradients and optimizer updates occur only in training_step. GPU allocation is not total device memory."
sequence,sequence_only,none,full_test_RMSE,5,1.8989390875346464,0.09268575220787308,102209,64,18.04739993531257,256,144.34809994418174,83.59619140625,42,"One warm-up followed by 5 measurements, each restored to the selected model state with warmed optimizer state. Host collation, transfers and whole-model operations are included; state restoration and initial data loading are excluded. Gradients and optimizer updates occur only in training_step. GPU allocation is not total device memory."
matched,ligand_contact,additive2,full_test_RMSE,5,1.8628749123924975,0.12121972084134658,14539,64,20.4906000290066,256,199.4054999668151,7.42236328125,42,"One warm-up followed by 5 measurements, each restored to the selected model state with warmed optimizer state. Host collation, transfers and whole-model operations are included; state restoration and initial data loading are excluded. Gradients and optimizer updates occur only in training_step. GPU allocation is not total device memory."
matched,ligand_contact,cp_pool,full_test_RMSE,5,1.8067429903127346,0.0686508184920223,14528,64,14.838000060990453,256,109.47859997395426,8.13427734375,42,"One warm-up followed by 5 measurements, each restored to the selected model state with warmed optimizer state. Host collation, transfers and whole-model operations are included; state restoration and initial data loading are excluded. Gradients and optimizer updates occur only in training_step. GPU allocation is not total device memory."
matched,ligand_contact,deepsets_plain70,full_test_RMSE,5,1.7712840680245516,0.03767182836702792,18929,64,12.734599993564188,256,84.9097000900656,7.1396484375,42,"One warm-up followed by 5 measurements, each restored to the selected model state with warmed optimizer state. Host collation, transfers and whole-model operations are included; state restoration and initial data loading are excluded. Gradients and optimizer updates occur only in training_step. GPU allocation is not total device memory."
matched,ligand_contact,lma1,full_test_RMSE,5,1.8161753196312036,0.12539225602700393,14162,64,16.991900047287345,256,148.1144999852404,7.01171875,42,"One warm-up followed by 5 measurements, each restored to the selected model state with warmed optimizer state. Host collation, transfers and whole-model operations are included; state restoration and initial data loading are excluded. Gradients and optimizer updates occur only in training_step. GPU allocation is not total device memory."
matched,ligand_contact,lma2,full_test_RMSE,5,1.7903057661469248,0.16164128769357428,14539,64,21.448500105179846,256,178.7447000388056,7.47705078125,42,"One warm-up followed by 5 measurements, each restored to the selected model state with warmed optimizer state. Host collation, transfers and whole-model operations are included; state restoration and initial data loading are excluded. Gradients and optimizer updates occur only in training_step. GPU allocation is not total device memory."
matched,ligand_only,additive2,full_test_RMSE,5,1.8777789036258683,0.032838933878420525,7067,64,15.686600003391504,256,153.43439998105168,4.08056640625,42,"One warm-up followed by 5 measurements, each restored to the selected model state with warmed optimizer state. Host collation, transfers and whole-model operations are included; state restoration and initial data loading are excluded. Gradients and optimizer updates occur only in training_step. GPU allocation is not total device memory."
matched,ligand_only,cp_pool,full_test_RMSE,5,1.8545350479878746,0.07770171978659268,7056,64,15.402199933305383,256,94.09989998675883,4.65478515625,42,"One warm-up followed by 5 measurements, each restored to the selected model state with warmed optimizer state. Host collation, transfers and whole-model operations are included; state restoration and initial data loading are excluded. Gradients and optimizer updates occur only in training_step. GPU allocation is not total device memory."
matched,ligand_only,deepsets_plain70,full_test_RMSE,5,1.7816945087147014,0.025453998110751483,11457,64,8.603400085121393,256,65.41439995635301,3.7978515625,42,"One warm-up followed by 5 measurements, each restored to the selected model state with warmed optimizer state. Host collation, transfers and whole-model operations are included; state restoration and initial data loading are excluded. Gradients and optimizer updates occur only in training_step. GPU allocation is not total device memory."
matched,ligand_only,lma1,full_test_RMSE,5,1.8526573894022849,0.049831858515137564,6690,64,13.20859999395907,256,150.14890010934323,3.669921875,42,"One warm-up followed by 5 measurements, each restored to the selected model state with warmed optimizer state. Host collation, transfers and whole-model operations are included; state restoration and initial data loading are excluded. Gradients and optimizer updates occur only in training_step. GPU allocation is not total device memory."
matched,ligand_only,lma2,full_test_RMSE,5,1.8519630284328803,0.045662508094133365,7067,64,17.714800080284476,256,152.69869996700436,4.13525390625,42,"One warm-up followed by 5 measurements, each restored to the selected model state with warmed optimizer state. Host collation, transfers and whole-model operations are included; state restoration and initial data loading are excluded. Gradients and optimizer updates occur only in training_step. GPU allocation is not total device memory."
matched,ligand_sequence,additive2,full_test_RMSE,5,1.740726413095357,0.07488325831523203,107099,64,22.909200051799417,256,197.08680000621825,85.6650390625,42,"One warm-up followed by 5 measurements, each restored to the selected model state with warmed optimizer state. Host collation, transfers and whole-model operations are included; state restoration and initial data loading are excluded. Gradients and optimizer updates occur only in training_step. GPU allocation is not total device memory."
matched,ligand_sequence,cp_pool,full_test_RMSE,5,1.6930028433987871,0.05634413253286113,107088,64,21.922399988397956,256,174.1706000175327,85.19482421875,42,"One warm-up followed by 5 measurements, each restored to the selected model state with warmed optimizer state. Host collation, transfers and whole-model operations are included; state restoration and initial data loading are excluded. Gradients and optimizer updates occur only in training_step. GPU allocation is not total device memory."
matched,ligand_sequence,deepsets_plain70,full_test_RMSE,5,1.7935155426633007,0.06056224274128926,111489,64,23.49270007107407,256,170.46139994636178,85.44091796875,42,"One warm-up followed by 5 measurements, each restored to the selected model state with warmed optimizer state. Host collation, transfers and whole-model operations are included; state restoration and initial data loading are excluded. Gradients and optimizer updates occur only in training_step. GPU allocation is not total device memory."
matched,ligand_sequence,lma1,full_test_RMSE,5,1.7251951249783055,0.11061447576480496,106722,64,31.361299916170537,256,188.0764999659732,85.2822265625,42,"One warm-up followed by 5 measurements, each restored to the selected model state with warmed optimizer state. Host collation, transfers and whole-model operations are included; state restoration and initial data loading are excluded. Gradients and optimizer updates occur only in training_step. GPU allocation is not total device memory."
matched,ligand_sequence,lma2,full_test_RMSE,5,1.6879697770620716,0.09960224950348004,107099,64,24.272499955259264,256,195.59290003962815,85.7197265625,42,"One warm-up followed by 5 measurements, each restored to the selected model state with warmed optimizer state. Host collation, transfers and whole-model operations are included; state restoration and initial data loading are excluded. Gradients and optimizer updates occur only in training_step. GPU allocation is not total device memory."
